playerId,timestamp,score,dartsFired,balloonsPopped,head_movement,accuracy,leftControllerMovement,hand_movement,yaw_range,pitch_range,trigger_count,grip_count,grip_ratio,input_preference,score_per_throw,throws_per_s,controller_path,DevelopmentIndex
2f2b5eaf-497e-49bc-b2eb-0a51dfc2e3c9,2025-05-28T10:41:51.7812250Z,5495,243,182,-0.528707792962419,1.971696521040745,1.8459222316741943,-0.09242615224620013,0.1941651185319253,-1.8954280963379966,285,26,-1.1170387055432143,trigger-heavy,1.0144465854005273,1.3712299477653205,59.644508361816406,-3.7098691717925787
d7fc102e-cc55-4e74-bc00-da3775ba5cbe,2025-06-01T10:44:03.2957750Z,450,49,20,-1.4342288459999553,-0.12101843116192558,0.0196138694882392,-1.678249978981255,-3.6726835742339152,1.341601182400923,71,7,-1.1018148763215465,trigger-heavy,-0.7246402225746932,-1.7049540076518406,14.224772453308104,-4.093275270140831
447c0b19-a600-40c3-987f-6fa8c11a6803,2025-06-01T10:44:44.9141340Z,190,29,6,-1.4628754866853164,-1.356887361465496,0.0053828489035367,-1.5713049993851171,0.14153187802530784,-1.1361225388182867,6,35,0.7915644655075904,grip-heavy,-1.0654712273682807,-2.022086374189692,17.28779411315918,-0.885728659097347
f78e3fdd-31e4-416f-8dba-72615b6650f6,2025-06-01T10:48:49.7221210Z,2400,142,82,-0.04845630683955591,0.9185694258267206,3.099314451217652,-0.48527615786322653,0.1985190185053068,0.9521106271813013,6,194,1.0799192415701973,grip-heavy,0.2747875920013666,-0.23028850325083047,48.392852783203125,-0.37238264895930584
073ec056-6872-40c6-b88a-437b268a0e50,2025-06-01T10:49:51.8161690Z,855,35,20,-1.2542929897679826,0.8815046517486208,0.0910241603851318,-1.6931771068595798,-4.005160866499252,-0.7368499676361986,1,46,1.1015403833945985,grip-heavy,1.2495367979716936,-1.9269466642283366,13.797243118286133,-2.7274343649815846
114e34aa-c45e-48d7-b107-7c131accbd42,2025-06-01T10:50:18.5628890Z,235,14,5,-1.460278731201516,-0.4343069060089567,0.0026560281403362,-1.4923463908785657,-6.438352445981926,-0.6854755943693424,9,12,0.09205153166299147,mixed,0.2598054804420793,-2.2282224124392958,19.54925537109375,-2.4262666844081333
1ec5003f-2750-40ff-9d46-dde493186b5c,2025-06-01T10:53:31.7235350Z,5300,228,153,-0.022822817917411763,1.493241417829129,17.142812728881836,0.38621928536436284,0.18830995450101962,0.06224360602154372,2,292,1.1374141876494528,grip-heavy,1.0963467071784563,1.1333806728619313,73.35343933105469,0.007569237267275097
576f6eac-7bf1-478f-abdf-f24b2e67a9c1,2025-06-01T10:59:22.0740680Z,5820,220,117,-0.3520055105992148,0.6382789210964104,1.7335211038589478,-0.5147873837280798,0.20140912747096185,0.12742204578953314,408,6,-1.2883256641452179,trigger-heavy,1.511895481972747,1.006527726246791,47.5476188659668,-2.793397479568923
4579adb7-7462-4541-9593-724533daa2c5,2025-06-01T11:04:37.9384780Z,3395,192,118,0.33961855078185427,1.1464941794362824,0.0439464151859283,0.16643375379957426,0.20150046802984398,1.0790871716341643,271,5,-1.2793455151018558,trigger-heavy,0.37591005964994423,0.5625424130937993,67.05854034423828,-1.9197873899567097
8558403e-6c5e-4c23-ad0f-faa613b2b42f,2025-06-01T11:10:42.4511020Z,3020,194,85,0.3473255658859698,0.06307879174834498,67.50382232666016,-0.340739437448693,0.2018775405934343,1.336592132375851,37,251,0.8358537574866917,grip-heavy,0.10198629453674056,0.594255649747583,52.53254318237305,0.7793610941756235
827c87e4-6066-41f5-8da7-43ae9db6cece,2025-06-01T11:16:44.3667850Z,1020,227,44,2.275945868936787,-1.437105952577594,0.8715602159500122,1.8300433544577277,0.2015168624891305,0.2833465225474854,403,26,-1.1740328581387929,trigger-heavy,-1.3320201986428721,1.117524054535039,114.70614624023438,4.3690623178333166
3c628add-9b4a-407b-8a9c-a9cd6b46ea02,2025-06-01T11:30:18.1971850Z,6260,214,149,-0.727890897404068,1.6480365340436383,8.755901336669922,-0.8242244534511418,0.18992832183916195,0.21887058767709874,230,8,-1.2409346254962155,trigger-heavy,1.8742025766832842,0.9113880162854354,38.685001373291016,-4.441086510395063
715285bf-a375-4460-897b-cf193c5f8348,2025-06-01T11:35:42.9198380Z,3290,172,76,-1.1257783063832327,0.08589758247669704,0.3737146854400635,-1.0704895485251003,0.19649313175061123,-0.5212035114288307,237,4,-1.2831089800536384,trigger-heavy,0.5631137085917765,0.24541004655594714,31.63169860839844,-3.565274417438669
6cf0c1f0-a090-4dcf-86cf-95e905e62fce,2025-06-01T11:39:36.3409920Z,5960,205,107,-0.8552804735764591,0.577690990162642,0.0431421622633934,0.20431634747225438,0.19181017155869504,-0.9181992416904315,1,268,1.1450610424300225,grip-heavy,1.8510010543049409,0.7686784513434021,68.14353942871094,-0.08359407383682416
28dc3261-6d1a-4e6e-aca0-2162c706c846,2025-06-01T11:44:18.3254150Z,8040,206,130,-0.46637516771843235,1.2477172100246474,0.7511509656906128,0.35249140900664544,0.18907112582503735,-1.3076838284921064,284,21,-1.153593985383171,trigger-heavy,2.9178697119471404,0.7845350696702945,72.38743591308594,-2.5151949541196053
7f16691a-38aa-44ab-a180-39c89ba70609,2025-06-01T11:48:32.4086760Z,1225,100,31,-0.8923466637767788,-0.7237854633556057,0.3279486000537872,-0.3576908812143929,0.1962027156146805,-0.5362673562217947,13,125,0.9207910005218235,grip-heavy,-0.3275584322974581,-0.8962664729803187,52.04703521728516,0.39453891888625736
426fea50-3d2a-4d00-b622-de6c24f9b23a,2025-06-01T11:53:53.0795910Z,3745,174,95,-0.5191305669014499,0.7252202833792405,0.3130290806293487,-0.5196265625510756,0.18873621044246738,-0.38225984688738285,190,19,-1.0989261570488564,trigger-heavy,0.8732709119756361,0.2771232832097325,47.40901947021485,-2.862903569880622
848478ee-589f-4e72-85c6-fdb7e46a4f76,2025-06-01T11:58:03.2074860Z,1115,166,44,-0.27008272420418517,-0.9997359454630453,0.3681330382823944,-0.3275075804770868,0.1919741161515604,-0.24468405531835985,1,253,1.1445169184210147,grip-heavy,-1.0440855695631552,0.15027033659459202,52.91151809692383,1.546662559202788
babe731c-3e0d-4a02-b45d-58604ae35bec,2025-06-01T12:03:12.0669220Z,310,163,31,-0.8349698240641952,-1.4595097913200568,17.09874725341797,-0.5638600373460669,0.18898446939737995,0.40809905763131715,12,216,1.0238263948088187,grip-heavy,-1.6648612394046483,0.1027004816139138,46.14212417602539,1.0845063247186133
a89c36f0-160e-41a2-8922-c9966d605a9c,2025-06-01T12:07:32.9482520Z,3740,220,148,-0.3176774887478298,1.503524541088715,0.978007972240448,0.817897531026328,0.20198293354598842,-0.772432791225601,3,350,1.133210956646674,grip-heavy,0.28755495663449854,1.006527726246791,85.71717834472656,0.12990645783645727
49f1d84e-1934-4d38-9a15-a0ed2794a83a,2025-06-01T12:13:48.6680370Z,1375,160,71,-0.8346446330824419,0.09750013410156003,0.7204422354698181,-0.6658061770503714,0.1996736568522014,0.19103941268563074,211,4,-1.278134239184379,trigger-heavy,-0.801033869830609,0.05513062663323592,43.22227478027344,-2.8760851834187524
796945b7-94c0-452b-b5b8-683b819a8162,2025-06-01T12:17:09.8736470Z,3805,189,93,-1.1558780640310855,0.3941669225422534,6.552568912506104,-1.0646654323890266,0.20165270229464752,-1.4399403228290761,2,196,1.1292393086192556,grip-heavy,0.6931769296199827,0.514972558113121,31.798507690429688,-1.4854711103431097
9b7fd46f-399f-4956-ae1f-62cae8e61209,2025-06-01T12:22:21.6271430Z,2900,200,101,-1.1200816033970076,0.47360291512396224,0.058630172163248,-0.8041169482154358,0.19466514954016467,-1.5562770570289919,24,255,0.9410687564261894,grip-heavy,-0.0361889322770576,0.6893953597089394,39.26090240478516,-1.4567327103102161
67a959e2-07fa-4941-ac7f-35da8d7321c8,2025-06-01T12:30:31.1547720Z,2395,180,78,0.3139797034089292,0.03353713834937369,1.8458229303359983,0.22064140040855557,0.19667815493399005,1.3250470015413642,209,22,-1.0881966283217226,trigger-heavy,-0.19086656809035665,0.3722629931710877,68.6111068725586,-0.5871126628536115
1aea2501-4579-490f-8add-acd3546852ea,2025-06-01T12:35:02.3432800Z,85,18,4,1.4426922600680243,-1.2627808260600535,0.0458966717123985,0.9942456622140114,0.197388971847342,1.4069849799567893,2,17,0.8933779139684028,grip-heavy,-1.302387253353366,-2.1965091757855104,90.76798248291016,4.593096662310492
606b694f-5a07-4990-bea4-c462063c9f61,2025-06-01T12:40:11.9822300Z,1200,177,31,0.9880301672827568,-1.5518793843775076,2.407381534576416,0.7096500567420339,0.20149929699703778,1.7415532690188926,132,152,0.0022861786500695024,mixed,-1.0359539587124056,0.32469313819040946,82.61685180664062,3.2518457870523676
ac23b301-4292-4503-8cde-9d5bc0f63747,2025-06-01T12:46:19.6111140Z,955,177,54,1.8928211034928253,-0.7539674329612486,62.58460235595703,0.932429691186875,0.1967788637553216,1.6902129378395854,19,300,1.0066513597138425,grip-heavy,-1.2152019876012896,0.32469313819040946,88.99750518798828,4.585869587354791
17602639-5cf6-42aa-91a3-6ad75846fe01,2025-06-01T13:13:42.8808150Z,50,18,7,-0.368996264949665,-0.23937188752631905,1.806518197059632,-1.4033757847031334,0.1869023730679899,1.078945698023571,14,10,-0.29152912033204054,mixed,-1.5541880558401318,-2.1965091757855104,22.097471237182617,-1.82452928245852
9121bb19-915f-4cc6-b2fa-3df00f640176,2025-06-01T14:41:50.8538710Z,6965,221,170,0.3184254314066449,2.096099766909671,1.837082862854004,0.8403128129792344,0.20207427410487272,-0.2828806038634755,238,3,-1.2933933001198952,trigger-heavy,2.167320378586122,1.0223843445736842,86.35917663574219,-2.2307548226436866
51939273-0ba3-498c-bbc2-fddb96a4ebd6,2025-06-01T14:58:35.5364400Z,1630,73,37,-0.9330519118635374,0.48495841705491044,0.5179912447929382,0.19220941011474618,0.19733861743667622,-0.08359932861401421,65,14,-0.8850146666028353,trigger-heavy,0.9776172732733777,-1.3243951678064185,67.79678344726562,-2.110815585406537
74ba9b7b-9608-448e-86f1-bf66674989b6,2025-06-01T15:18:19.6400770Z,6020,192,107,-0.006887455101975748,0.7946976112993709,3.454604148864746,-1.4573769207909615,0.19711846326911414,1.317968899961364,5,310,1.11493327031641,grip-heavy,2.146384452135017,0.5625424130937993,20.550819396972656,-1.144028716875898
4df0a29a-779d-4972-9fd8-af1aa8055a5a,2025-06-01T15:22:58.3354780Z,4310,217,92,-0.14157725065671461,-0.024000186363984523,37.44822692871094,-0.11869873907051247,0.19989381101976345,0.5165827906544586,6,327,1.1096168371633264,grip-heavy,0.6581447354622891,0.958957871266113,58.892032623291016,0.8733410338000838
a5790a6a-6d76-43b4-9339-cb78fd1ed31e,2025-06-05T08:14:25.3216490Z,830,63,20,0.763639905659202,-0.6779756791122539,22.59799575805664,-1.0600753181739353,0.1519892009845054,0.5485315108717433,84,15,-0.9487127548689838,trigger-heavy,-0.20782458131905726,-1.4829613510753443,31.92997360229492,-0.5671724882714634
84c6c3c0-d936-45ed-8eb9-09d530f15b4e,2025-06-05T08:17:43.7496950Z,5250,281,165,-0.47937945795682885,0.9782782258496999,26.057432174682617,-1.0246998860944094,0.19561251508036304,0.3115214342021916,514,39,-1.1494500138399166,trigger-heavy,0.5055348277450553,1.537724440197692,32.94316482543945,-3.6318075837408546
fe997041-d073-4ded-8d08-394db89e82da,2025-06-05T08:21:29.2779510Z,4320,263,128,-0.8415066874790766,0.36118359240739345,31.5671443939209,-0.5972862391920709,0.1960411130874275,0.07886520789865087,0,371,1.1542748756492343,grip-heavy,0.21320464906697745,1.537724440197692,45.18476104736328,-0.6457016434293068
b8c038bd-7ffe-40f7-bcfe-b12ab501ac8b,2025-06-17T08:56:55.7136690Z,8685,244,196,1.5764378519414481,2.2951030533518733,59.27166366577149,0.9018996978429505,0.19543100499540714,1.2168174789122574,259,2,-1.3052537611924748,trigger-heavy,2.69546647137504,1.387086566092213,88.12309265136719,-1.1220192647599494
c3088409-6caf-4a4d-8a3f-82ac1f21b2c7,2025-07-11T11:25:43.1580540Z,415,103,29,3.109090076102111,-0.8984605769395253,20.396812438964844,2.4931614906796047,0.2021386809092127,-0.26732668564131495,127,31,-0.8379541387047105,trigger-heavy,-1.392141492242546,-0.8486966179996411,133.69857788085938,5.6627580050165305
1797d7f4-39be-4f52-99ee-adc3fafc6464,2025-07-11T11:29:45.4334630Z,1365,153,65,0.5392552257552108,-0.018636646009214625,0.0970718637108802,0.45086500326826073,0.19198231338120367,-0.22481010776522023,0,248,1.1542748756492343,grip-heavy,-0.7585821589071573,-0.05586570165501207,75.20496368408203,2.1630317506819203
eebefaec-87a9-4966-818e-dc974364f962,2025-07-11T11:34:06.7286050Z,3580,219,86,-1.0423049182935398,-0.2160064764752096,7.429689407348633,-1.173361689131254,0.18859334444011547,-1.1244018922856578,182,154,-0.18825740633337812,mixed,0.20299719204207362,0.990671107919898,28.685327529907227,-2.1879175372829622
311c68e0-f353-40ba-85c0-c87fc7804483,2025-07-11T11:38:24.9243450Z,3250,127,86,-0.27718110860712686,1.5307761353249858,0.1077231615781784,-0.3151301349812607,0.19993831026639833,-1.6007110444336599,121,15,-1.0508799585575002,trigger-heavy,1.4000103355400348,-0.468137778154219,53.266021728515625,-3.1739673374708737
51977b42-6ab5-40f5-9322-c8d5b0130589,2025-07-11T11:42:38.7508630Z,3085,243,83,-0.06369596412863204,-0.5299694884865142,1.0773792266845703,0.09978992506798287,0.1955258586527078,0.6811510839671506,16,368,1.051003161650572,grip-heavy,-0.26987073521980226,1.3712299477653205,65.14978790283203,1.617066611076437
27ff7580-0739-4241-b0d5-3f8e1dc5ec7c,2025-07-11T11:47:14.7801340Z,1980,200,103,-0.12745360237710923,0.5350073910460611,1.8392170667648315,0.36909056620127173,0.19835273184682908,-0.8263174368704237,111,143,0.07114162331680567,mixed,-0.6318776878743209,0.6893953597089394,72.86285400390625,-0.22222880390509292
cad92bec-1441-4f7f-979c-af92ffc5d2a2,2025-07-11T11:50:47.9501220Z,4215,163,89,-0.20901882381691905,0.7254369551107921,0.0384859330952167,0.7113698012432456,0.20050274807897547,0.9896652392183491,2,188,1.1281851794811515,grip-heavy,1.4347602955014611,0.1027004816139138,82.66610717773438,0.9050992017966858
39695b37-e2a7-4ed0-92d9-ee53d59e7865,2025-07-11T11:54:34.7654450Z,1185,155,55,0.20806188605234366,-0.4484555334793248,0.0352800637483596,0.07920813156021896,0.2023307302894264,-0.08136161398895621,145,40,-0.7883497984877682,trigger-heavy,-0.923873788970034,-0.024152465001226704,64.560302734375,-0.05262424739588073
b9f6b666-b7b3-409c-9fdb-bb72d42b4334,2025-07-11T11:59:08.4888320Z,1255,168,81,-0.374674324992549,0.33324977501637243,2.4614291191101074,1.0465572212517997,0.1988281711661386,-1.2177974647390148,63,218,0.598592201037214,grip-heavy,-0.9465259151450286,0.1819835732483764,92.26624298095705,0.9372253222800923
7df4b19a-9fae-4c93-be25-ae2a0b953370,2025-07-11T12:03:34.9601020Z,70,65,12,-1.4628754866853164,-1.4937038479548703,0.0336516089737415,-1.407479690174291,0.19418268402401803,-2.0028793483194525,0,70,1.1542748756492343,grip-heavy,-1.6648612394046483,-1.451248114421559,21.979930877685547,-0.22237645325550282
05515776-be7e-4036-9c2c-f037d6f87ba8,2025-07-11T12:09:43.4949480Z,2170,224,87,-0.1605076525553847,-0.24241773575262443,0.034424502402544,0.30292622013730447,0.1923418204527013,1.1362199629572045,391,29,-1.153110277120882,trigger-heavy,-0.6593959184318031,1.0699541995543613,70.96783447265625,-0.768273973786338
efd0af68-89b1-4680-8ca1-b6d68d5b08ed,2025-07-11T12:12:48.0181520Z,100,28,7,-0.7422852590824894,-1.0922126848877456,0.0070750811137259,-1.4883710134002575,0.19693578215134988,-0.3974156495272326,28,16,-0.4229658472394293,mixed,-1.4514122180904314,-2.037942992516585,19.66311454772949,-1.5614094348344305
1b99399a-7e9b-4fff-963b-2e0157c4d69f,2025-07-11T12:16:01.1749830Z,2575,207,96,0.43274329016831575,0.2204205328076792,0.0368711613118648,0.9825849101166529,0.19773325549235926,1.2740435543972826,302,41,-1.0279798854653597,trigger-heavy,-0.30300394410464937,0.8003916879971871,90.43400573730467,0.16692778201192982
c6c25377-31c6-454e-a239-067a7b4683d3,2025-07-12T15:15:50.5894810Z,1015,71,30,1.4379163175409484,-0.03276825450066827,42.87245559692383,-0.716403718741033,0.19976968154230826,0.49544420165412484,78,16,-0.9023703222815761,trigger-heavy,-0.06263561615997344,-1.3561084044602039,41.77310562133789,-0.14808946898099234
d758a468-c31a-4993-a285-30e6864e53c4,2025-07-12T15:21:14.4067820Z,4610,243,133,-0.8735785782830072,0.7334980951233343,36.02873992919922,-1.6543622523724455,0.20209066856415928,0.12447696311150862,5,491,1.1292897835527835,grip-heavy,0.5428196855046802,1.3712299477653205,14.908943176269531,-2.1321491422260035
b59558ea-a519-4b59-a1a4-a2569d9b2583,2025-06-01T09:01:40.4122010Z,2355,166,47,1.9372966915101504,-0.8887639679532694,1.843013286590576,1.3396095690843668,0.1969404662825746,1.4545926183415967,3,271,1.1271377829196585,grip-heavy,-0.0767544316105536,0.15027033659459202,100.65958404541016,5.292808011467446
c01ff5ed-a2ae-40ca-b0e9-dbf6f3de76d2,2025-06-01T09:11:15.5018950Z,1915,183,62,1.6487519313771726,-0.5469538804434734,0.0438959412276744,0.9317235197691687,0.17047161176446232,0.1463114254339494,7,281,1.0940330424833478,grip-heavy,-0.5587787944872962,0.41983284815176525,88.97727966308594,4.2214623740731625
6009822b-63c5-47ec-972e-14d66b8c7b26,2025-06-01T09:15:38.7617040Z,2760,124,57,0.26406283189259244,0.1953018009288695,0.0455894917249679,1.2163734666101438,0.20164567609780826,1.3545278914638608,0,130,1.1542748756492343,grip-heavy,0.9684614584742876,-0.5157076331348969,97.12996673583984,2.4394093732231013
1d90270c-b4d6-4cbf-bd64-a5173715c728,2025-06-01T09:20:38.7485930Z,935,134,26,1.2707208199378253,-1.435894768578207,1.8464372158050537,0.9890414106154716,0.20035519794539883,0.7855882296222885,1,151,1.1379688155441825,grip-heavy,-1.010319798016904,-0.35714144986597096,90.61892700195312,4.8336258146756865
8df2d6c4-8976-4d6e-a2e3-93dcf86e8929,2025-06-01T09:27:08.3374990Z,1620,168,63,0.05640321648784244,-0.32465600386241633,1.8388192653656008,-1.1292815156002727,0.19813023561365464,1.0289666082411921,2,181,1.1271872129610603,grip-heavy,-0.6651770593052239,0.1819835732483764,29.947832107543945,0.37896491771104635
e457125d-4f24-45d3-9eb9-8a9b92cf44ff,2025-06-01T09:31:23.7801720Z,3590,200,136,-1.0935958975319504,1.5481823417593323,0.0448841862380504,-0.6798036080146177,0.18717171061341156,-1.9984906269189548,0,252,1.1542748756492343,grip-heavy,0.41057763442088974,0.6893953597089394,42.82137298583984,-2.167306971656666
0d64c9dd-842c-4055-b58b-749d209cd721,2025-06-01T09:35:32.8322040Z,970,90,30,3.1045106101036604,-0.580508169870935,1.840549349784851,2.1758324026267095,0.2011819471065627,1.609790937582675,101,45,-0.5603185129312991,mixed,-0.518207611323152,-1.0548326562492445,124.60992431640624,5.300532669670006
4c144f2a-086e-4835-a630-18263e3c9d84,2025-06-01T09:39:30.0620500Z,2875,174,88,2.1426213619872128,0.47819071943984043,0.0433784946799278,2.6370052254497915,0.19822860236937387,0.49949742059762536,244,43,-0.9528998880307921,trigger-heavy,0.22578313415252335,0.2771232832097325,137.81842041015625,3.348535979966372
6fe64796-13bc-4638-9be6-e3e7524bfa9b,2025-06-01T10:10:55.6281900Z,4880,228,106,-0.12516264139958028,0.2274462601030599,1.846021294593811,0.13988053642507192,0.18939081778112482,0.3150118534385503,1,406,1.1481851431284287,grip-heavy,0.8577985785067834,1.1333806728619313,66.29802703857422,0.9354567780508604
5ad67b23-327e-4c8e-8c60-d248cee6fe69,2025-06-01T10:25:09.4653830Z,2595,202,97,-0.7236711174142718,0.3213075758123207,0.0353857651352882,-0.844770152569204,0.19148111134015813,0.2922319495028167,294,8,-1.2585900712864035,trigger-heavy,-0.2503086528641067,0.7211085963627245,38.09654998779297,-3.1483389170821994
e1bd7530-e932-418f-89b7-09a0b3b60e13,2025-06-01T10:28:53.8674290Z,3635,214,102,-0.23105612245887022,0.29943214891517467,0.0444841906428337,0.6341517814149843,0.19380678249323388,0.16618095193675672,6,394,1.1170970586097158,grip-heavy,0.2857395703415366,0.9113880162854354,80.45449829101562,1.2207605686506549
13cde9e9-647e-4dc1-9dcb-5d5d8b22c205,2025-06-01T10:33:45.2140690Z,5660,202,148,0.6831470441818792,1.8716201670316897,1.8386125564575195,0.18238188008327094,0.19681399473950706,-0.7978746095656563,2,267,1.1358472092108112,grip-heavy,1.7145923758763275,0.7211085963627245,67.51531219482422,0.1297559664442718
21f1b4aa-f03e-4aa2-bc1f-e80f5d6a3b59,2025-06-01T10:38:29.5418920Z,1935,215,84,-0.5637181242132125,-0.22826508228724474,0.0435902401804924,0.1097114869781644,0.2002451208616178,-0.8651846587507582,302,17,-1.192162061850157,trigger-heavy,-0.7484254878824811,0.9272446346123279,65.43395233154297,-1.4179036167979604
0c5bb779-b28c-477f-9e81-b7fb44de2df3,2025-06-01T10:42:27.2216190Z,3305,213,96,-1.0496851795344244,0.14020221619524123,0.0410211645066738,-0.8404851757962034,0.1994441344221899,-1.1040190818394156,0,284,1.1542748756492343,grip-heavy,0.09543651739308692,0.8955313979585422,38.219276428222656,-0.8760976958766348
c5d5596d-b640-487d-8754-2096dba9ba6c,2025-06-01T10:47:38.6923650Z,635,54,37,-0.5829464783021675,1.5800217403114813,0.0300288405269384,-1.149743038872241,0.15989718552464666,1.5501819159692174,70,1,-1.2893375119247514,trigger-heavy,-0.3911081586393561,-1.6256709160173772,29.361791610717773,-4.602048769410642
a1679556-bdc8-4e53-85f6-3c0d99800518,2025-06-01T10:50:51.8753120Z,2775,199,96,0.0927786130750178,0.3349028119683197,0.0464679524302482,1.749051806035265,0.19757750812913716,-0.6882307929356486,215,15,-1.1626035775381505,trigger-heavy,-0.10809586639711187,0.6735387413820468,112.38645935058594,0.3443240296038127
2e237d99-8414-4314-b0fc-35951e1769c3,2025-06-01T10:56:40.1337520Z,2300,81,55,-0.5766482892158097,1.5421177292731656,0.0324147082865238,-0.3060291543808658,0.20117257884411324,-0.02611484273713913,95,9,-1.1097588543214434,trigger-heavy,1.763187595969641,-1.1975422211912778,53.52668380737305,-3.5345540271912843
abaed899-4a52-4906-bdd8-3bc4e2c7d71f,2025-06-01T10:59:53.2924520Z,3400,142,72,-0.6833650739106747,0.4861431575870602,0.040505114942789,-0.6801845303561186,0.19875908023057393,-0.3717930102286377,8,195,1.056599165857396,grip-heavy,1.1867422086536372,-0.23028850325083047,42.81046295166016,-0.7930935959964573
74f726e0-1f3a-4df7-9b3d-3b585c510f74,2025-06-01T11:11:12.1207660Z,515,57,23,-0.408160511899409,-0.1495991527514559,0.0382455550134182,-0.1763710475219675,0.19784567464175265,-0.4950618408213713,58,8,-1.02381945595892,trigger-heavy,-0.7438817140030207,-1.5781010610366997,57.240234375,-1.4587518626288405
48ed22c4-c861-42b9-8fc3-0cb1325f9d43,2025-06-01T11:15:45.6360290Z,850,100,44,0.655780542969745,0.07447345563077296,0.0400878824293613,0.7792464331891504,0.19548135940607073,-0.3090428323549738,55,78,0.12932252618882453,mixed,-0.8131742656647923,-0.8962664729803187,84.61016845703125,1.489876046716947
6c6c0b13-72de-48c0-8c5a-64ac17b8e106,2025-06-01T11:22:34.6006990Z,1940,125,34,0.040174701760945966,-0.9571226182594,0.0438380353152751,0.38666840079637077,0.20110465894135474,1.2924629763915085,90,88,-0.0989099683794791,mixed,0.09589857439885725,-0.4998510148080043,73.36630249023438,1.2850557524372377
36c61eae-da05-4b1a-ae43-b2a9409f616a,2025-06-01T11:35:26.8793720Z,3495,222,91,0.01130604817995768,-0.1102933634498921,0.0440924912691116,0.8262224156533213,0.1964638559304589,-0.04958221999935036,392,6,-1.2868816200779436,trigger-heavy,0.1248080286951758,1.0382409629005762,85.95561218261719,-0.3390597927947725
a96221b5-902f-48f0-b34e-2f6a924e20da,2025-06-01T11:45:23.8050890Z,1150,49,21,-0.4164581845677047,0.004296885576978041,0.0414053164422512,2.6966398167184984,0.18746915294618155,0.997156266899269,56,5,-1.1210887901573625,trigger-heavy,1.125324856919913,-1.7049540076518406,426.0519104003906,1.1547959564164532
eb96dd1a-1b0e-484e-af2b-b1180883dd25,2025-06-01T11:48:51.7513210Z,5385,233,175,-0.6908615465528652,1.9846023970508366,0.0446621552109718,-0.09464242768766257,0.1927434847052214,-0.4035754989534753,293,0,-1.3172841222962839,trigger-heavy,1.0789906610294442,1.2126637644963947,59.581031799316406,-4.087390493587648
6b30c0df-ff23-4932-9a15-d651c6d95ee3,2025-06-01T12:26:32.0767760Z,1965,161,57,-0.5166191280011736,-0.45337676338210087,0.0433149114251136,-0.16881360154243252,0.20194780256180517,-1.083838755498335,185,29,-0.988371900771614,trigger-heavy,-0.3333898439610824,0.07098724496012876,57.456687927246094,-1.2204278669331192
5345a6c9-97db-4d43-a6e0-754500300a1c,2025-07-11T12:05:38.4046360Z,655,87,31,3.109090076102111,-0.4393483667627711,1.8445411920547483,2.6966398167184984,0.2011585264504369,1.4735491979510444,9,100,0.9496263414867471,grip-heavy,-0.9389506271039946,-1.1024025112299225,141.2344207763672,7.194704601070128
59dd58af-8da0-49d3-99b0-266a6e9f6d42,2025-07-11T12:10:14.3479850Z,5115,208,105,0.16992757799640554,0.4724222005868244,0.0466349832713604,0.8409401361360427,0.199722840230061,-0.5687231709120502,198,36,-0.9429353163236042,trigger-heavy,1.270615727002474,0.8162483063240796,86.37714385986328,-0.4044898027779803
e1588218-a16d-44a5-a8cc-9d06b1ed1e80,2025-07-11T12:13:55.0792930Z,4885,221,144,-0.5739031995346164,1.373693521944602,0.0426250249147415,-0.48907432653895877,0.1744472681414473,-1.5646887684413517,2,330,1.1393440254325606,grip-heavy,0.9485198556249697,1.0223843445736842,48.2840690612793,-1.2973270225856166
6987d7b2-bba8-4e41-990d-552a25d5263e,2025-05-28T09:53:59.1853260Z,2140,95,76,-0.22485159462678303,2.285036784823612,1.81829845905304,-1.1214701435913415,-2.3176698038736574,-0.6278752769737944,116,1,-1.3030623189856065,trigger-heavy,1.0031993426495174,-0.9755495646147816,30.17155838012696,-4.934420842027343
c073e148-b05a-416c-8b4e-b3e05c2436cc,2025-06-01T07:16:55.1796320Z,3960,209,137,0.4784198409668631,1.3977557961323237,14.97793197631836,0.06620882368241039,0.1980529474484467,-0.7004673760419105,216,36,-0.9701718123232514,trigger-heavy,0.5397344069445525,0.8321049246509727,64.18798828125,-1.8232989438063016
8e4cb049-b396-45bb-971a-9753c615265a,2025-06-01T07:20:14.1518920Z,1060,63,35,-0.7724197350260255,0.784037142507302,2.7970986366271973,-0.8050928286336809,-5.263621225440666,-0.6713140859489444,88,1,-1.2963977082291387,trigger-heavy,0.2649442723295645,-1.4829613510753443,39.23295211791992,-3.6579474143961472
281c9d1e-dde1-4054-a45f-c26c021db2b6,2025-06-01T07:24:32.4355990Z,2405,141,100,-0.5741187655441479,1.7276055674605142,4.823019504547119,-0.7223688826951666,0.2007603752963375,-1.8352644539605096,127,31,-0.8379541387047105,trigger-heavy,0.29490233567362595,-0.246145121577723,41.60225677490234,-3.862047354404539
2b0779a3-4bf6-4a12-8103-36c6e430f87c,2025-06-01T08:42:44.0544660Z,75,10,6,-1.0945438409653725,1.0569461683829948,4.906391620635986,-1.7245107997277016,-6.438352445981926,-0.5536615366442517,9,1,-1.0763941467218756,trigger-heavy,-0.9426718212294147,-2.2282224124392958,12.00238037109375,-4.952394955797945
d602485a-3751-455c-8cf2-1281bfc7a884,2025-06-01T08:50:41.8366130Z,4350,201,144,-1.0458248064673037,1.7718047706993172,1.8150111436843872,-0.9538631146240754,0.20127211663263864,-1.232404615032782,254,2,-1.3048828139439164,trigger-heavy,0.8886555503747611,0.705251978035832,34.972007751464844,-5.076375505734612
275e1ee4-d010-4ee1-bb3d-2f44834afed6,2025-06-01T09:01:32.1709760Z,5295,167,110,-0.6201051017784545,1.417284067937509,0.0468035563826561,-0.6009496199623487,0.20013972790906148,-0.2435029717224216,128,60,-0.533228876499123,mixed,2.1920220013453533,0.16612695492148422,45.079837799072266,-3.1715676661774355
caa2b506-a8bc-4358-9c1c-9f525168fdcf,2025-06-01T09:08:15.8703140Z,2095,93,43,2.3600838165576774,0.2118083804778208,14.152987480163574,0.4944078898322432,0.20007415007191534,1.0442528318658075,97,26,-0.8003312234474022,trigger-heavy,1.0032726293249925,-1.0072628012685667,76.45207977294922,1.8423521024646976
586dfaf0-84ad-4db6-8de9-6835d317a9fa,2025-06-01T09:13:38.5228150Z,2545,205,80,0.663399366904762,-0.23105161983482692,5.989170551300049,1.7186440807715841,0.19996641505374668,1.6625367206622208,145,215,0.1559816403288302,mixed,-0.30623871278377013,0.7686784513434021,111.51554870605467,2.769076707840003
17cd27b3-1afa-4336-a82d-738e820d6683,2025-06-01T09:17:56.1288800Z,480,173,41,-0.19364944736519404,-1.172074060442421,3.383826971054077,0.8723244077661174,0.1880874582678452,0.3865075320245676,27,260,0.9211038977010347,grip-heavy,-1.5546039118310266,0.26126666488284,87.2760238647461,2.771852918544379
d4ccfe08-8d46-480e-b403-b7bb5ec35bf5,2025-06-01T09:21:59.5638940Z,1465,213,53,-0.4340975347314014,-1.0994197649584367,9.911048889160156,0.4760130700473647,0.19086749014971924,-1.4334714419846937,0,370,1.1542748756492343,grip-heavy,-1.023227812367032,0.8955313979585422,75.92523193359375,2.2956101759236343
9e678d35-37f4-4566-bfff-b868fb866c4d,2025-06-01T09:25:17.5782460Z,430,35,7,-0.3788138398550261,-1.3992353389979,1.9594995975494385,-1.2482426305237375,0.1695792847661523,0.6336429192147919,33,12,-0.6633072907272257,trigger-heavy,-0.3229335195987215,-1.9269466642283366,26.5406551361084,-0.8911284221080895
87f1b1bc-11d8-43a5-bf7d-fcde431d35ad,2025-06-01T09:28:30.7815110Z,2150,108,31,-0.23222437636345275,-0.8647884356580775,1.7382086515426636,0.6282469523631937,0.18623605540127283,-0.4629581627899834,80,89,-0.01898956741249334,mixed,0.6640571089242343,-0.7694135263651782,80.2853775024414,1.2418214442453253
e5f53595-efce-4f44-b94e-142606d98950,2025-06-01T09:36:35.0178570Z,1900,113,49,-0.013445194148023677,0.035348470105199856,16.034683227539062,-0.1774703947271256,0.18505565433264223,1.2148364062589168,129,18,-1.0207538763225963,trigger-heavy,0.2634890392286838,-0.6901304347307152,57.20874786376953,-1.2470179353029454
be07560a-a4f1-483f-ab4c-62fce10a0bfc,2025-06-01T09:46:24.0758300Z,880,77,21,1.5145044312806235,-0.9526568747922933,12.834754943847656,-0.5007509282022744,0.19020351454861453,0.9850695573992295,17,82,0.728670236139595,grip-heavy,-0.43393142436839793,-1.2609686944988483,47.94963836669922,2.6950806140102377
a70c0fdc-49e8-4884-9c37-b7c6ad0c1727,2025-06-01T09:50:46.3457470Z,1865,159,33,-0.40917906408530585,-1.3528922934152394,2.3213865756988525,-1.1201607563398384,0.19906589082579337,1.0023377378872518,1,208,1.1424159228455604,grip-heavy,-0.3949541726935115,0.039274008306343394,30.209060668945312,0.9659683958356555
a5251cdf-b439-4fe3-a96a-bb2e50a745bf,2025-06-01T10:08:37.9036460Z,3885,171,85,-0.8491028496326666,0.42494620340784917,3.630338430404663,-0.4784964061326519,0.19967834098342394,-0.8222646600319562,204,5,-1.264951496300295,trigger-heavy,1.02819009898655,0.2295534282290543,48.587032318115234,-3.0174969554734625
9bc2276b-993f-43fd-bdfe-16ced2dc430f,2025-06-01T10:13:14.8182410Z,3190,157,68,-0.40803135090871623,0.03223344796459843,0.0370804332196712,-0.604004190934374,0.19595914079099483,-1.107279164353527,27,204,0.8645776000166225,grip-heavy,0.7172888830623219,0.007560771652558343,44.99235153198242,-0.17969138979106608
0ab1b84f-4b93-4866-93e9-02bd7ee3a20c,2025-06-01T10:16:14.1471480Z,120,44,12,-0.8471629788156642,-0.9526568747922933,0.6578831076622009,-1.1203839821595434,0.17251389297844225,0.6391749794940264,38,15,-0.6227780142900147,trigger-heavy,-1.5607283364242037,-1.7842370992863033,30.202667236328125,-1.6376681004729288
04933366-5b2b-4cc8-baab-a4e2b1fae921,2025-06-01T10:19:36.5010660Z,635,160,45,0.4517568596884779,-0.9003235146314132,0.0451232753694057,0.819530169509588,0.19971815609883628,1.6799255958242807,9,216,1.0551340302105183,grip-heavy,-1.3999600643169878,0.05513062663323592,85.7639389038086,3.2267445740399974
441d330a-e4cf-4be1-8388-16876ce1d897,2025-06-01T10:23:49.1062730Z,570,64,29,0.2636600550089107,0.15506692177841438,0.0416533984243869,-0.8153333797074623,0.19719809349993447,0.873493741774556,73,17,-0.8560811568580625,trigger-heavy,-0.7605658837166644,-1.4671047327484519,38.93965148925781,-1.5628214033350285
be29ff01-a876-433f-8c93-9e1a630c3545,2025-06-01T10:27:13.1841750Z,4715,243,103,0.6347622430512558,-0.02458249164252923,0.0399571545422077,0.693010676279179,0.18691642546166407,0.032262695306606304,180,235,0.07925366004869958,mixed,0.5987754193906285,1.3712299477653205,82.1402816772461,1.4316090710216638
42874ad7-3f31-477a-ad75-35bc3ca53414,2025-06-01T10:33:20.3503210Z,2715,173,59,-0.683548377581131,-0.5331829645051345,0.0398498363792896,-0.23134879657100532,0.20145362671759673,-1.1739596559714882,1,184,1.140877464103462,grip-heavy,0.11838473953851743,0.26126666488284,55.66561126708984,0.7591632544564603
a833da43-b664-4714-bd51-50b0c82252bf,2025-06-01T10:37:22.2017410Z,2140,124,53,-0.16621775166856162,-0.0027773366583195387,0.0385998114943504,-0.09025196472778468,0.1924764892254121,0.002017405781872501,0,146,1.1542748756492343,grip-heavy,0.32097368065117526,-0.5157076331348969,59.70677947998047,0.9005824959112075
c0dbf80a-faf0-44fd-bf01-bb073972a3b8,2025-06-01T10:44:11.3804860Z,870,109,12,-0.06403053239925141,-1.8129049539763684,0.0417124964296817,0.4767059225020815,0.2023617626587902,-0.16876798955884928,152,22,-1.0108700247365174,trigger-heavy,-0.8802991453840691,-0.7535569080382857,75.94507598876953,1.2147103193426811
53574053-4615-44e9-b975-6bcf5c76f27e,2025-06-01T10:52:25.0709550Z,1690,132,32,0.08576886637874008,-1.1387312272529724,8.797599792480469,-1.505265585193992,0.1946499261136843,0.096677398629908,77,118,0.17557678606190968,mixed,-0.25594235990187125,-0.38885468651975635,19.179235458374023,-0.10518870550036974
3ca1d762-aa26-48e8-b0c2-a6941065a3dd,2025-06-01T10:58:11.4131540Z,3200,239,120,-1.018058709951639,0.4557468952469182,4.472822189331055,-1.0022275989799077,0.19900148402145343,-1.2347528559161158,423,5,-1.2952915741508162,trigger-heavy,-0.18004500341683724,1.3078034744577491,33.586795806884766,-3.7713247783292814
e26a3fdf-243e-415d-acad-55975ca18e98,2025-06-01T11:57:44.0669460Z,2965,194,83,1.2869901928519254,-0.000224855820749994,1.844532489776612,1.5501562687818187,0.20223704766493192,0.9120245217246982,254,14,-1.1947712756039246,trigger-heavy,0.0652730700209972,0.594255649747583,106.68987274169922,1.6426000418505695
27b7d6f3-1618-465b-a1be-b3d75a092040,2025-06-01T12:08:48.6074190Z,805,86,27,-1.0981064292937952,-0.6995092624329312,0.5219744443893433,-1.7245107997277016,0.19845109860254828,-0.5777147030753261,15,80,0.7629294331279869,grip-heavy,-0.7017461364580242,-1.1182591295568147,8.882964134216309,-1.3601785334605787
ce029b95-0a2d-424a-bb93-aaa3faafde0f,2025-06-01T12:13:12.0301470Z,2160,145,25,0.5650954615699769,-1.5686271576276287,1.2061868906021118,-0.854266439991129,0.19365923235965507,-0.5075214659168338,0,198,1.1542748756492343,grip-heavy,0.015163546653740905,-0.18271864827015258,37.82456588745117,2.433731054855711
25b40a0c-be3c-4a60-a0bf-9478215d19d4,2025-06-01T12:17:22.6142960Z,315,58,9,0.37478829594337354,-1.674497101458638,0.0399967096745967,0.6333238746755534,0.19901085228390286,0.15261186426071888,33,38,0.0022861786500695024,mixed,-1.210597798259668,-1.5622444427098072,80.4307861328125,2.684895450727635
6aa15572-070e-4684-91a2-fb9efe45a84c,2025-06-01T12:25:25.2815150Z,1715,162,58,2.0420285050939415,-0.4288921257176716,1.8450889587402344,1.1387691968551854,0.2023617626587902,1.78891598121536,203,13,-1.175076006765042,trigger-heavy,-0.5429880077583579,0.08684386328702128,94.90729522705078,2.4346138209017565
9798de8d-0b6a-4a9a-9fb3-947a2e13466c,2025-06-01T12:30:24.5683940Z,3355,197,91,0.2585344735683945,0.2091270677998692,0.0424061194062233,-0.7043018425894608,0.20044770953708713,0.4394812202486783,3,348,1.1330909343161757,grip-heavy,0.2914990446212384,0.6418255047282618,42.11971664428711,0.47819649749524007
72249ae6-3332-4d88-86f9-a65ef253fd3b,2025-06-01T12:37:23.4640490Z,3835,210,97,-0.3018377966057072,0.20897865498374726,0.0436292104423046,0.34832603652129107,0.19161226701445044,-0.37015081108317166,2,304,1.1380753911004244,grip-heavy,0.4509685386565222,0.8479615429778653,72.26813507080078,0.9755849760322609
f50f7838-5957-49ef-a3fc-9fb4368a6a71,2025-06-11T13:12:36.6128770Z,3755,169,145,2.2920542650586833,2.2951030533518733,12.814108848571776,0.604024553511864,0.19747445724219323,0.6012631465902303,177,1,-1.3103219842739022,trigger-heavy,0.9633942702912849,0.19784019157526894,79.59162139892578,-0.7093462190552282
c0e2e28c-ea16-49ea-b9ff-a79cccd595b0,2025-06-11T13:15:49.8268490Z,6095,236,176,1.9356145845025767,1.9519951314500468,81.1898193359375,1.244210632016839,0.18744690332286412,0.08149263811038993,255,0,-1.3172841222962839,trigger-heavy,1.4305355000290267,1.2602336194770722,97.92725372314452,-0.08945403722691503
eb690df0-142b-47e1-b4e3-7af3cc2752f0,2025-07-11T11:23:29.4092060Z,1545,109,41,1.2782034499154984,-0.3176141725869879,11.21627426147461,0.4245155660274986,0.19313695172809828,1.7791039021106425,71,73,-0.06777374000160523,mixed,-0.0783647416581961,-0.7535569080382857,74.45028686523438,1.9525594485283797
e3eb7a29-4cd1-4a01-9ee7-3622000519b7,2025-07-11T11:27:05.8592470Z,375,93,21,0.81382001107014,-1.240772083828081,1.4344918727874756,0.43369313066508347,0.19423772256590854,0.8845087886743505,46,79,0.2421790976130472,mixed,-1.3917359252035089,-1.0072628012685667,74.71314239501953,2.730464323176352
fbdde93d-d3d4-4f62-8c8f-50749948ee62,2025-07-11T11:30:58.7350520Z,3000,218,84,0.21155939153065906,-0.2612797053833339,0.0374886244535446,-0.3791019133578872,0.19966428858975194,-0.6588224082385813,267,99,-0.6538266087863648,trigger-heavy,-0.13182703523992118,0.9748144895930054,51.43379974365234,-0.560089425230259
29e835ba-1c72-4853-a413-10652baa338a,2025-07-11T11:35:37.4239050Z,2285,195,90,-0.7489059599252106,0.2067294047704864,0.035202533006668,0.09768446339859355,0.20132247104330445,-1.015583927857489,2,213,1.1312188650820914,grip-heavy,-0.39645777275812294,0.6101122680744762,65.08948516845703,0.27326796378498797
0ac026c1-e763-4ca8-b2cb-ca638431e903,2025-07-11T11:39:14.5456560Z,790,96,30,0.2820024785687909,-0.7084343443750809,0.0359993055462837,0.24279802810020482,0.2021070630234458,-0.16300758203001592,75,55,-0.27564116433224634,mixed,-0.8482465202968776,-0.9596929462878891,69.24569702148438,0.9575936867118303
91126806-141c-4786-8db8-22de0ea2184a,2025-07-11T11:42:50.9256700Z,610,121,28,0.8312046115529712,-1.2063946614204506,0.0373658426105976,0.09680221529016524,0.19830589053458184,-0.6798259341513021,71,68,-0.11173232329839793,mixed,-1.2610645714812756,-0.5632774881155744,65.06421661376953,2.022669164965189
fde93568-3ff9-426a-b4f3-5a33aa4570d7,2025-07-11T11:47:08.5299290Z,940,102,22,-0.5139144499696185,-1.302914506335891,1.1883608102798462,-0.02091797185156239,0.1672524425802704,-1.348426680975386,72,64,-0.15788337280435985,mixed,-0.7204946425646214,-0.8645532363265337,61.69258117675781,0.6101987117103501
3ab18f69-cbc7-4786-be24-a91e998038ce,2025-07-11T11:51:37.5778840Z,2340,205,66,-1.2632471842913047,-0.6503996262779753,0.1266931593418121,-0.2649342932143641,0.18484603946033581,-1.1217740199688857,361,12,-1.2445083149255962,trigger-heavy,-0.4357362683483926,0.7686784513434021,54.70368576049805,-2.12229016615329
af75a879-9e87-4743-b574-9b44ae086ed4,2025-07-11T11:55:43.2657470Z,920,236,48,-0.4385670408544562,-1.3784203042869674,0.312167078256607,0.5630437026685529,0.1917059496389449,0.7278895438568748,3,443,1.1376032088153696,grip-heavy,-1.4090825086443683,1.2602336194770722,78.41788482666016,2.6405001749164336
cf2d38bb-29e2-462f-8208-eacf4d3f0454,2025-07-11T11:59:42.4085790Z,855,97,33,-0.8895348167296098,-0.5383058601580544,0.3788926303386688,0.18475665118430915,0.19713134462998214,-1.6294750610449775,2,102,1.1066110076498519,grip-heavy,-0.7724559621109677,-0.9438363279609966,67.58332824707031,0.9401387022626055
15f24457-3bf6-4a27-a0ea-dcae537ad7f3,2025-07-11T12:04:22.4214580Z,710,55,15,-0.32384216310223535,-0.9526568747922933,0.8081710934638977,-0.08566105137491395,0.2014372322583102,0.8155258140439817,38,34,-0.15383350166715729,mixed,-0.24220777067532068,-1.6098142976904848,59.8382682800293,0.38932015864798675
1467d55b-2d28-4d6c-9069-0b2e1260e388,2025-07-12T15:13:56.6517350Z,1325,96,37,1.4900911062549997,-0.26069300811023,35.24580764770508,-0.7077586462437707,0.199761484312665,0.9913408172938145,41,79,0.30744682086020186,mixed,-0.12656743459820027,-0.9596929462878891,42.02070999145508,1.3504722889816607
52b455cc-421e-46cb-842f-f9adab228941,2025-06-01T08:51:56.8348470Z,2515,136,58,0.8044038734357657,-0.008603317440141969,34.30965805053711,-0.7979424101631069,0.2013435496338157,0.4131299918555279,12,229,1.030863034854152,grip-heavy,0.48084910207286874,-0.3254282132121859,39.437747955322266,1.0459278155669527
23ba1c46-e114-455d-8c19-0817fbc73ad3,2025-06-01T08:58:02.4953680Z,3615,151,87,-1.4165673922267883,0.9105511077611236,4.386815547943115,-1.1070792038655692,0.0677614953671208,-2.0028793483194525,1,216,1.1428531192622855,grip-heavy,1.186319448235322,-0.08757893830879712,30.58373069763184,-2.2913445845911955
51722e91-16f2-42d5-aa0a-34b61ecf4235,2025-06-01T09:09:39.0974400Z,415,145,26,-0.5599768092243754,-1.526279180095225,18.875951766967773,0.247112839350302,0.19878132985389138,0.08760341387795764,33,136,0.6703032928862717,grip-heavy,-1.5432725530722327,-0.18271864827015258,69.36927795410156,1.8837185031074233
dd4da2d9-0280-421b-ab95-b6464b0d0b9f,2025-06-01T09:15:42.8904040Z,3515,234,125,-1.0007667101963615,0.6528306970672918,7.431118011474609,-0.7024097507071643,0.19582564305109018,-1.5897231869934012,16,281,1.0207518514893474,grip-heavy,0.031326887290822246,1.2285203828232871,42.17390823364258,-1.33525530648147
d190761b-7d1f-42fa-98aa-13334d0474bd,2025-06-01T09:22:48.2617510Z,1820,206,86,-1.0032722882910967,-0.06383576000916491,33.0408821105957,-0.5215455587386114,0.19875322506654303,-0.5953126939180442,267,21,-1.1435207608210063,trigger-heavy,-0.7697988708397487,0.7845350696702945,47.35405731201172,-2.6045028478415495
a0138d7d-09b4-4eaa-ab01-c1920cef47e4,2025-06-01T09:29:16.7194820Z,1305,206,68,-0.32865874054773137,-0.6003802982500943,10.004051208496094,-0.7623818444980263,0.19818878725396372,0.0773737665694734,311,23,-1.1535696551472234,trigger-heavy,-1.093542759751305,0.7845350696702945,40.456241607666016,-1.644229941942887
594ce6c9-502e-4546-93d6-54f9e60c0883,2025-06-01T09:35:59.3192720Z,1315,142,62,-1.2116955945664873,0.053717072347172774,4.562460899353027,-0.6626324013595897,0.20194311843058044,-1.689479545610547,197,55,-0.7832991869923384,trigger-heavy,-0.714683167066347,-0.23028850325083047,43.313175201416016,-2.711344255265588
d7a8cee9-7752-4c32-a8fc-1d5ab98c0840,2025-06-01T09:41:09.7196890Z,2830,186,94,-0.7729359324512323,0.47591383626081546,2.602322816848755,0.1485253425430744,0.18266908947364507,-1.5205916650719093,257,9,-1.240386522635541,trigger-heavy,0.056408782185817574,0.4674027031324434,66.54562377929688,-2.3407109488045146
32cc38a8-ef34-4a0f-adad-f6bf3a7c6e33,2025-06-01T10:18:07.5293370Z,290,37,4,1.791394337696809,-1.8129049539763684,23.96483421325684,1.1102895246738733,0.18837787440377812,1.39052187273405,0,53,1.1542748756492343,grip-heavy,-0.8989226470521774,-1.8952334275745515,94.09160614013672,5.868863691996285
76dd13da-b179-4113-b6ae-8a37cf7dfd11,2025-06-01T10:35:09.6250880Z,2920,186,94,-0.8863374961294045,0.47591383626081546,9.284501075744627,-0.4911494209727319,0.18554046191440124,-0.6758153783434961,3,283,1.1282764021950258,grip-heavy,0.11906888971708655,0.4674027031324434,48.22463607788086,-0.725124351167926
f0486bbe-a3df-4c78-bc68-d47768c6739a,2025-06-01T10:39:44.0797470Z,4040,228,132,-0.522701304540435,0.9276732985473551,3.138015031814575,-0.8823982208591536,0.20178620003455217,-0.18460153921444755,2,386,1.1414989935050703,grip-heavy,0.3807023211634374,1.1333806728619313,37.01884078979492,-1.1912738304418733
28c33d19-e30e-4725-930a-5366a033e8ac,2025-06-01T10:45:12.1061520Z,1245,213,61,0.021134563255662903,-0.8687924706972241,28.92109489440918,-0.2647291811843249,0.19991840270869327,1.78891598121536,0,379,1.1542748756492343,grip-heavy,-1.1569811561426984,0.8955313979585422,54.70956039428711,1.7794727284177965
a5af9b69-72aa-4565-81a0-40e253b0ed76,2025-06-01T10:49:16.0706070Z,3055,192,83,-1.0454867217133594,0.027140747274268424,1.336106538772583,-0.5365917248486552,0.19832931119070327,-1.60374874811612,221,142,-0.3546870280667599,mixed,0.1465914716709252,0.5625424130937993,46.923118591308594,-1.963906221903043
81b9ebcc-561b-439d-9fc6-92fc0d4e7195,2025-03-12T22:02:26.1248200Z,4120,184,111,1.008383349498092,1.0769692715751018,2.868438005447388,0.6541209026252286,0.20002262462844336,0.8717010058653178,190,32,-0.9669819524314007,trigger-heavy,0.9857156909828981,0.43568946647865714,81.02643585205078,-0.3814469718831819
602e3457-e83e-4d67-bbb4-db0ddad54ed4,2025-03-12T22:06:37.6551760Z,1545,161,52,0.6910663878981793,-0.6440740561151255,3.68393349647522,1.9687129384857307,0.20030718560034538,1.0815125598457749,176,63,-0.670912237030056,trigger-heavy,-0.671209554129663,0.07098724496012876,118.67779541015624,2.6329411454689797
fefb6260-89e2-42fb-9213-ba7d314dee81,2025-03-12T22:10:23.0528450Z,2635,198,62,0.29318869111105444,-0.7045578601779034,19.04408836364746,0.7393231080072102,0.20156487483418392,0.1814340176838898,270,48,-0.9501298624367185,trigger-heavy,-0.19053955406115305,0.6576821230551544,83.46672058105469,0.7869397968594496
a1d8346a-de9b-4f6f-b70e-428493eca6e2,2025-03-12T22:14:23.5884150Z,385,198,31,1.3196961669982372,-1.6659419535581539,52.150726318359375,2.6037845352027165,0.1995050281281113,1.3425552450623621,0,330,1.1542748756492343,grip-heavy,-1.6621026854773173,0.6576821230551544,136.866943359375,6.743697531408342
eb73329f-6c5e-4fda-b870-cd07fe4e9e15,2025-03-12T22:24:34.0387850Z,830,168,44,1.2436387631546335,-1.0191119614568698,4.04404878616333,1.3338960003411062,0.2009453984797141,1.2474155682534085,1,275,1.1452947266058722,grip-heavy,-1.2741238979721985,0.1819835732483764,100.49594116210938,4.741941451558482
77ec790e-9f61-4917-b62e-2efebc974414,2025-03-12T22:30:42.7175210Z,2930,185,79,0.317271355069753,-0.005186528673418697,1.836070418357849,0.9709478657734169,0.1984885716523461,0.053033452919397234,3,240,1.1236758492792605,grip-heavy,0.13705779746480248,0.4515460848055503,90.1007080078125,2.417081598795849
f4bfc025-f52f-4646-b355-aa195d51dad6,2025-03-12T22:44:17.6480960Z,5425,222,114,-0.47891327273890844,0.5258797283549016,51.20698928833008,0.2119454494726732,0.20089387303624215,-1.4300312016695922,5,301,1.1137761642772097,grip-heavy,1.2506201108560824,1.0382409629005762,68.36204528808594,0.32092861265607275
56fca379-42c0-48ff-9806-4fdf00970e8a,2025-03-12T22:58:41.0044880Z,1160,124,27,-1.0706467133649555,-1.2902918224749345,5.877538204193115,-0.46578332276948886,0.19489115887175762,-0.4171120919095804,83,75,-0.1477330628655487,mixed,-0.7024747423595504,-0.5157076331348969,48.951148986816406,-0.3938712765250585
464f9be2-47a5-4c76-ac46-e5d4c82d6230,2025-03-12T23:03:13.1287440Z,3525,83,48,0.15196247867899917,0.9237794293717166,0.0648815482854843,1.841207042856315,0.20142903502866694,0.595769991553909,10,105,0.9387512986085476,grip-heavy,2.9178697119471404,-1.1658289845374927,115.02588653564452,2.008141390772145
f846cf6a-822b-445d-b384-59aa3c1f995d,2025-03-12T23:07:24.4129160Z,2655,221,58,-0.2678527156042862,-1.015804240555015,0.946128785610199,-1.3592162301527344,0.1985119923084697,-0.3544958718609471,0,293,1.1542748756492343,grip-heavy,-0.3581749358189582,1.0223843445736842,23.36224937438965,0.5430101704472285
3e5b506f-4aea-4a9d-8819-b21f8f2f59c2,2025-03-12T23:12:05.4762950Z,1825,213,35,-0.7312130252537069,-1.6183313600459386,0.275821715593338,0.10709377799219667,0.1980669998421187,-0.4857712246032002,291,73,-0.8271802083251033,trigger-heavy,-0.804358704370487,0.8955313979585422,65.35897827148438,0.16703190445932514
